{"cameraMode":{"drawMode":0,"name":"Shaded","section":"Shading Mode"},"sceneLighting":false,"audioPlay":false,"sceneViewState":{"showFog":true,"showMaterialUpdate":false,"showSkybox":true,"showFlares":true,"showImageEffects":true,"showParticleSystems":true},"in2DMode":false,"pivot":{"x":-1.1920928955078126e-7,"y":0.21699994802474976,"z":-7.152557373046875e-7},"rotation":{"x":-0.19472812116146089,"y":0.7479288578033447,"z":-0.24936629831790925,"w":-0.583660364151001},"size":6.5514912605285648,"orthographic":true}